date,open,high,low,close,volume,ma50,ma200
2026-01-08 13:25:00,6.9,6.9,6.88,6.88,912900,,
2026-01-08 13:30:00,6.89,6.9,6.88,6.89,432700,,
2026-01-08 13:35:00,6.88,6.88,6.86,6.87,1066200,,
2026-01-08 13:40:00,6.87,6.87,6.86,6.86,755400,,
2026-01-08 13:45:00,6.86,6.87,6.85,6.85,785300,,
2026-01-08 13:50:00,6.85,6.86,6.84,6.84,479800,,
2026-01-08 13:55:00,6.85,6.85,6.83,6.85,1024600,,
2026-01-08 14:00:00,6.85,6.87,6.85,6.86,718800,,
2026-01-08 14:05:00,6.87,6.87,6.85,6.85,710900,,
2026-01-08 14:10:00,6.85,6.87,6.84,6.85,1164900,,
2026-01-08 14:15:00,6.84,6.85,6.82,6.84,1937100,,
2026-01-08 14:20:00,6.83,6.85,6.82,6.84,1808600,,
2026-01-08 14:25:00,6.84,6.84,6.82,6.84,574900,,
2026-01-08 14:30:00,6.84,6.84,6.82,6.83,1148800,,
2026-01-08 14:35:00,6.84,6.84,6.83,6.83,1044400,,
2026-01-08 14:40:00,6.84,6.84,6.82,6.83,1617000,,
2026-01-08 14:45:00,6.82,6.86,6.81,6.86,3603500,,
2026-01-08 14:50:00,6.85,6.86,6.84,6.84,2135100,,
2026-01-08 14:55:00,6.84,6.86,6.84,6.85,2681700,,
2026-01-08 15:00:00,6.85,6.87,6.85,6.87,3363500,,
2026-01-09 09:35:00,6.82,6.89,6.81,6.87,3277200,,
2026-01-09 09:40:00,6.88,6.94,6.87,6.91,4023300,,
2026-01-09 09:45:00,6.91,6.91,6.87,6.9,2968000,,
2026-01-09 09:50:00,6.89,6.99,6.88,6.95,5552000,,
2026-01-09 09:55:00,6.96,6.96,6.93,6.96,3084700,,
2026-01-09 10:00:00,6.96,6.97,6.94,6.95,1653600,,
2026-01-09 10:05:00,6.96,6.96,6.93,6.96,1463200,,
2026-01-09 10:10:00,6.96,7.01,6.95,6.98,4688900,,
2026-01-09 10:15:00,6.99,7.05,6.97,7.05,3284500,,
2026-01-09 10:20:00,7.05,7.08,7.02,7.06,4697200,,
2026-01-09 10:25:00,7.06,7.06,7.01,7.01,2559500,,
2026-01-09 10:30:00,7.02,7.02,6.98,6.99,2238700,,
2026-01-09 10:35:00,6.99,7.03,6.99,7.01,1747000,,
2026-01-09 10:40:00,7.01,7.01,6.98,7.0,1152500,,
2026-01-09 10:45:00,7.0,7.0,6.95,6.96,1865900,,
2026-01-09 10:50:00,6.95,6.97,6.94,6.96,1859900,,
2026-01-09 10:55:00,6.95,6.97,6.95,6.95,1264400,,
2026-01-09 11:00:00,6.94,6.95,6.93,6.95,1283100,,
2026-01-09 11:05:00,6.95,6.95,6.9,6.9,2160900,,
2026-01-09 11:10:00,6.9,6.9,6.88,6.89,1674100,,
2026-01-09 11:15:00,6.88,6.92,6.88,6.91,974100,,
2026-01-09 11:20:00,6.91,6.91,6.89,6.89,658200,,
2026-01-09 11:25:00,6.9,6.91,6.87,6.88,1324700,,
2026-01-09 11:30:00,6.88,6.88,6.87,6.88,805900,,
2026-01-09 13:05:00,6.88,6.88,6.85,6.87,1441400,,
2026-01-09 13:10:00,6.87,6.88,6.86,6.88,706000,,
2026-01-09 13:15:00,6.88,6.88,6.87,6.88,696000,,
2026-01-09 13:20:00,6.88,6.88,6.86,6.86,1528500,,
2026-01-09 13:25:00,6.87,6.87,6.86,6.87,415800,,
2026-01-09 13:30:00,6.86,6.9,6.86,6.89,810200,6.901,
2026-01-09 13:35:00,6.89,6.89,6.87,6.87,645900,6.9008,
2026-01-09 13:40:00,6.86,6.88,6.86,6.87,499600,6.900400000000001,
2026-01-09 13:45:00,6.87,6.88,6.86,6.87,369900,6.900400000000001,
2026-01-09 13:50:00,6.88,6.88,6.86,6.87,648700,6.9006,
2026-01-09 13:55:00,6.87,6.88,6.85,6.86,1156200,6.900799999999999,
2026-01-09 14:00:00,6.86,6.87,6.85,6.87,518600,6.9014,
2026-01-09 14:05:00,6.87,6.87,6.86,6.86,443700,6.901599999999999,
2026-01-09 14:10:00,6.87,6.87,6.86,6.86,330300,6.901600000000001,
2026-01-09 14:15:00,6.87,6.87,6.85,6.86,891300,6.9018,
2026-01-09 14:20:00,6.85,6.87,6.85,6.86,737800,6.901999999999999,
2026-01-09 14:25:00,6.86,6.88,6.85,6.88,599600,6.9028,
2026-01-09 14:30:00,6.87,6.88,6.87,6.88,783500,6.9036,
2026-01-09 14:35:00,6.88,6.88,6.86,6.87,995600,6.9041999999999994,
2026-01-09 14:40:00,6.87,6.88,6.86,6.88,812900,6.9052,
2026-01-09 14:45:00,6.88,6.88,6.86,6.87,1435300,6.906000000000001,
2026-01-09 14:50:00,6.87,6.88,6.86,6.86,1580500,6.9066,
2026-01-09 14:55:00,6.87,6.88,6.86,6.88,2151600,6.907,
2026-01-09 15:00:00,6.87,6.88,6.86,6.87,2550100,6.9075999999999995,
2026-01-12 09:35:00,6.87,6.94,6.86,6.87,5086400,6.9079999999999995,
2026-01-12 09:40:00,6.88,6.89,6.86,6.86,3111000,6.907800000000001,
2026-01-12 09:45:00,6.86,6.9,6.86,6.88,2326600,6.908,
2026-01-12 09:50:00,6.88,6.93,6.88,6.93,2923700,6.9084,
2026-01-12 09:55:00,6.92,6.99,6.92,6.95,5880500,6.909400000000001,
2026-01-12 10:00:00,6.95,7.03,6.94,6.99,4662400,6.9102,
2026-01-12 10:05:00,6.99,7.0,6.95,6.96,2620900,6.9102,
2026-01-12 10:10:00,6.96,6.96,6.93,6.93,1607700,6.909800000000001,
2026-01-12 10:15:00,6.93,6.96,6.93,6.94,1159100,6.909400000000001,
2026-01-12 10:20:00,6.94,6.94,6.91,6.92,1748200,6.908200000000001,
2026-01-12 10:25:00,6.91,6.92,6.9,6.91,911600,6.905399999999999,
2026-01-12 10:30:00,6.9,6.91,6.89,6.9,1231000,6.902200000000001,
2026-01-12 10:35:00,6.9,6.9,6.88,6.89,1462200,6.8998,
2026-01-12 10:40:00,6.89,6.89,6.87,6.89,1609800,6.8978,
2026-01-12 10:45:00,6.88,6.89,6.88,6.88,488900,6.8952,
2026-01-12 10:50:00,6.89,6.89,6.87,6.88,1350800,6.892799999999999,
2026-01-12 10:55:00,6.88,6.89,6.87,6.88,695600,6.8912,
2026-01-12 11:00:00,6.89,6.89,6.87,6.88,1093900,6.889600000000001,
2026-01-12 11:05:00,6.88,6.88,6.86,6.86,2336000,6.8877999999999995,
2026-01-12 11:10:00,6.86,6.88,6.86,6.88,810500,6.8864,
2026-01-12 11:15:00,6.88,6.89,6.87,6.89,764400,6.8862,
2026-01-12 11:20:00,6.89,6.9,6.88,6.89,680300,6.8862,
2026-01-12 11:25:00,6.89,6.91,6.89,6.91,718000,6.8862,
2026-01-12 11:30:00,6.9,6.91,6.89,6.91,533600,6.8866,
2026-01-12 13:05:00,6.91,6.94,6.9,6.94,1525600,6.8877999999999995,
2026-01-12 13:10:00,6.94,6.96,6.93,6.95,1882600,6.8892,
2026-01-12 13:15:00,6.94,6.98,6.93,6.93,2268400,6.8904,
2026-01-12 13:20:00,6.94,6.95,6.91,6.95,1302900,6.8918,
2026-01-12 13:25:00,6.94,6.96,6.91,6.92,1227600,6.8926,
2026-01-12 13:30:00,6.92,6.94,6.91,6.92,942200,6.8938,
2026-01-12 13:35:00,6.92,6.93,6.91,6.92,554800,6.894799999999999,
2026-01-12 13:40:00,6.92,6.93,6.91,6.92,322800,6.8953999999999995,
2026-01-12 13:45:00,6.91,6.93,6.91,6.93,349100,6.896599999999999,
2026-01-12 13:50:00,6.93,6.94,6.92,6.92,500200,6.8976,
2026-01-12 13:55:00,6.92,6.93,6.92,6.93,393700,6.8988,
2026-01-12 14:00:00,6.92,6.93,6.92,6.93,214800,6.9,
2026-01-12 14:05:00,6.93,6.95,6.93,6.95,976500,6.901800000000001,
2026-01-12 14:10:00,6.95,6.95,6.92,6.93,892700,6.9030000000000005,
2026-01-12 14:15:00,6.93,6.95,6.93,6.95,725600,6.9048,
2026-01-12 14:20:00,6.94,6.95,6.92,6.92,1171500,6.905999999999999,
2026-01-12 14:25:00,6.92,6.93,6.91,6.91,749600,6.907,
2026-01-12 14:30:00,6.92,6.92,6.91,6.92,928700,6.908200000000001,
2026-01-12 14:35:00,6.91,6.93,6.91,6.91,1161100,6.9088,
2026-01-12 14:40:00,6.92,6.92,6.9,6.92,1210300,6.9096,
2026-01-12 14:45:00,6.92,6.92,6.9,6.91,1143000,6.910400000000001,
2026-01-12 14:50:00,6.91,6.92,6.9,6.91,1189700,6.9110000000000005,
2026-01-12 14:55:00,6.92,6.92,6.9,6.91,1626200,6.9118,
2026-01-12 15:00:00,6.91,6.92,6.91,6.92,1999200,6.912999999999999,
2026-01-13 09:35:00,6.92,6.93,6.81,6.82,5107500,6.9118,
2026-01-13 09:40:00,6.83,6.83,6.75,6.8,4680100,6.910399999999999,
2026-01-13 09:45:00,6.8,6.88,6.8,6.87,4257000,6.910399999999999,
2026-01-13 09:50:00,6.88,6.91,6.86,6.88,2552300,6.910799999999999,
2026-01-13 09:55:00,6.88,6.89,6.84,6.85,1457600,6.9102,
2026-01-13 10:00:00,6.85,6.91,6.85,6.9,1643000,6.909599999999999,
2026-01-13 10:05:00,6.9,6.91,6.87,6.91,1049900,6.9088,
2026-01-13 10:10:00,6.91,6.91,6.87,6.87,826000,6.9064,
2026-01-13 10:15:00,6.87,6.89,6.85,6.85,1047300,6.9041999999999994,
2026-01-13 10:20:00,6.85,6.86,6.83,6.83,969000,6.902200000000001,
2026-01-13 10:25:00,6.84,6.85,6.82,6.85,840700,6.900399999999999,
2026-01-13 10:30:00,6.84,6.87,6.83,6.87,859900,6.899399999999999,
2026-01-13 10:35:00,6.87,6.87,6.82,6.82,948300,6.8976,
2026-01-13 10:40:00,6.82,6.88,6.82,6.86,1006100,6.8968,
2026-01-13 10:45:00,6.87,6.89,6.85,6.88,488200,6.896599999999999,
2026-01-13 10:50:00,6.87,6.89,6.87,6.89,397000,6.896599999999999,
2026-01-13 10:55:00,6.88,6.9,6.88,6.89,782100,6.896800000000001,
2026-01-13 11:00:00,6.89,6.89,6.87,6.88,921400,6.896800000000001,
2026-01-13 11:05:00,6.88,6.89,6.86,6.89,476700,6.897,
2026-01-13 11:10:00,6.89,6.92,6.89,6.92,1950000,6.897800000000001,
2026-01-13 11:15:00,6.93,6.93,6.91,6.91,639900,6.8988,
2026-01-13 11:20:00,6.91,6.92,6.91,6.91,618600,6.899400000000001,
2026-01-13 11:25:00,6.92,6.92,6.89,6.89,632600,6.899399999999999,
2026-01-13 11:30:00,6.89,6.9,6.88,6.89,359500,6.899399999999999,
2026-01-13 13:05:00,6.89,6.91,6.88,6.89,705500,6.899000000000001,
2026-01-13 13:10:00,6.9,6.9,6.86,6.87,701400,6.898199999999999,
2026-01-13 13:15:00,6.87,6.87,6.85,6.86,1038900,6.896599999999999,
2026-01-13 13:20:00,6.86,6.87,6.85,6.85,573200,6.8946000000000005,
2026-01-13 13:25:00,6.85,6.86,6.83,6.83,1145100,6.8926,
2026-01-13 13:30:00,6.83,6.85,6.83,6.85,535500,6.890600000000001,
2026-01-13 13:35:00,6.84,6.86,6.82,6.82,786700,6.8886,
2026-01-13 13:40:00,6.82,6.84,6.82,6.83,487000,6.886799999999999,
2026-01-13 13:45:00,6.84,6.85,6.83,6.84,372700,6.885200000000001,
2026-01-13 13:50:00,6.84,6.85,6.83,6.84,530300,6.8836,
2026-01-13 13:55:00,6.83,6.85,6.83,6.85,602400,6.882000000000001,
2026-01-13 14:00:00,6.85,6.86,6.84,6.85,338500,6.880599999999999,
2026-01-13 14:05:00,6.84,6.85,6.82,6.83,813600,6.878599999999999,
2026-01-13 14:10:00,6.82,6.83,6.79,6.8,2060500,6.876,
2026-01-13 14:15:00,6.8,6.8,6.79,6.8,669300,6.872999999999999,
2026-01-13 14:20:00,6.8,6.81,6.79,6.8,838400,6.8704,
2026-01-13 14:25:00,6.81,6.81,6.79,6.8,582200,6.8674,
2026-01-13 14:30:00,6.8,6.8,6.77,6.78,1305900,6.8646,
2026-01-13 14:35:00,6.77,6.78,6.76,6.76,1541100,6.861599999999999,
2026-01-13 14:40:00,6.76,6.76,6.74,6.74,2286300,6.858,
2026-01-13 14:45:00,6.74,6.76,6.73,6.75,1741900,6.8548,
2026-01-13 14:50:00,6.75,6.75,6.73,6.74,1291600,6.8512,
2026-01-13 14:55:00,6.74,6.76,6.74,6.76,1402500,6.848199999999999,
2026-01-13 15:00:00,6.77,6.77,6.75,6.76,1792700,6.8452,
2026-01-14 09:35:00,6.84,6.95,6.81,6.93,10206300,6.845599999999999,
2026-01-14 09:40:00,6.93,6.94,6.87,6.88,2471900,6.8448,
2026-01-14 09:45:00,6.88,6.91,6.87,6.9,1510700,6.8464,
2026-01-14 09:50:00,6.89,6.91,6.88,6.88,1277200,6.848000000000001,
2026-01-14 09:55:00,6.9,6.92,6.87,6.87,2237200,6.848000000000001,
2026-01-14 10:00:00,6.87,6.91,6.86,6.9,1012700,6.848400000000001,
2026-01-14 10:05:00,6.91,6.97,6.91,6.96,4974000,6.850599999999999,
2026-01-14 10:10:00,6.97,7.01,6.96,7.01,5572600,6.852800000000001,
2026-01-14 10:15:00,7.03,7.03,6.98,6.98,4089200,6.8542,
2026-01-14 10:20:00,6.98,7.08,6.97,7.08,4982100,6.8584000000000005,
2026-01-14 10:25:00,7.07,7.08,7.04,7.05,2669900,6.8624,
2026-01-14 10:30:00,7.04,7.05,7.0,7.02,1395700,6.8662,
2026-01-14 10:35:00,7.02,7.02,6.99,7.0,1329000,6.869200000000001,
2026-01-14 10:40:00,6.99,7.06,6.99,7.05,2206100,6.8728,
2026-01-14 10:45:00,7.05,7.07,7.03,7.04,1747700,6.8772,
2026-01-14 10:50:00,7.04,7.04,7.01,7.01,1051700,6.880199999999999,
2026-01-14 10:55:00,7.01,7.02,7.0,7.0,853100,6.8826,
2026-01-14 11:00:00,7.01,7.03,7.01,7.02,635400,6.885200000000001,
2026-01-14 11:05:00,7.02,7.04,7.01,7.03,919500,6.888,
2026-01-14 11:10:00,7.04,7.05,7.02,7.03,854400,6.891,
2026-01-14 11:15:00,7.03,7.03,7.01,7.01,538900,6.893400000000001,
2026-01-14 11:20:00,7.01,7.03,7.0,7.03,414500,6.895599999999999,
2026-01-14 11:25:00,7.03,7.03,7.0,7.01,459200,6.8976,
2026-01-14 11:30:00,7.0,7.01,7.0,7.01,527000,6.8995999999999995,
2026-01-14 13:05:00,7.0,7.01,6.91,6.92,3585900,6.9002,
2026-01-14 13:10:00,6.92,6.93,6.86,6.87,3383200,6.8998,
2026-01-14 13:15:00,6.87,6.89,6.84,6.84,2710100,6.8988,
2026-01-14 13:20:00,6.83,6.87,6.81,6.87,2152000,6.8988,
2026-01-14 13:25:00,6.86,6.88,6.84,6.88,1326100,6.8992,
2026-01-14 13:30:00,6.88,6.88,6.84,6.87,933900,6.8995999999999995,
2026-01-14 13:35:00,6.86,6.88,6.85,6.85,1068500,6.9,
2026-01-14 13:40:00,6.86,6.89,6.85,6.88,674100,6.9006,
2026-01-14 13:45:00,6.88,6.88,6.83,6.83,1371700,6.900799999999999,
2026-01-14 13:50:00,6.83,6.84,6.83,6.84,773500,6.901,
2026-01-14 13:55:00,6.83,6.85,6.83,6.83,365300,6.900799999999999,
2026-01-14 14:00:00,6.84,6.84,6.78,6.78,2355100,6.8996,6.8949
2026-01-14 14:05:00,6.77,6.81,6.76,6.8,1783300,6.898599999999999,6.894499999999999
2026-01-14 14:10:00,6.8,6.8,6.75,6.8,1402900,6.8976,6.89405
2026-01-14 14:15:00,6.79,6.83,6.79,6.83,543400,6.8976,6.89385
2026-01-14 14:20:00,6.83,6.84,6.82,6.84,492000,6.8984000000000005,6.89375
2026-01-14 14:25:00,6.84,6.84,6.83,6.84,258800,6.8991999999999996,6.8937
2026-01-14 14:30:00,6.84,6.86,6.84,6.85,642800,6.9002,6.89375
2026-01-14 14:35:00,6.85,6.86,6.82,6.82,634400,6.9006,6.8936
2026-01-14 14:40:00,6.83,6.83,6.81,6.82,655500,6.9014,6.893399999999999
2026-01-14 14:45:00,6.82,6.84,6.81,6.82,416100,6.9026,6.89325
2026-01-14 14:50:00,6.83,6.83,6.82,6.83,619600,6.904400000000001,6.89315
2026-01-14 14:55:00,6.83,6.84,6.82,6.82,1052300,6.9058,6.89305
2026-01-14 15:00:00,6.82,6.83,6.82,6.82,1582000,6.9074,6.89295
2026-01-15 09:35:00,6.72,6.84,6.72,6.83,6115800,6.9088,6.892900000000001
2026-01-15 09:40:00,6.81,6.86,6.81,6.83,3251000,6.9102,6.8929
2026-01-15 09:45:00,6.83,6.86,6.81,6.81,2365900,6.9078,6.892799999999999
2026-01-15 09:50:00,6.81,6.86,6.8,6.84,1741800,6.907,6.892850000000001
2026-01-15 09:55:00,6.84,6.84,6.82,6.83,918100,6.9056,6.8927
2026-01-15 10:00:00,6.83,6.86,6.82,6.84,776000,6.9048,6.8927
2026-01-15 10:05:00,6.85,6.89,6.85,6.87,2190400,6.904799999999999,6.892799999999999
2026-01-15 10:10:00,6.87,6.87,6.82,6.83,1750700,6.9034,6.8926
2026-01-15 10:15:00,6.83,6.85,6.82,6.85,634100,6.9012,6.8925
2026-01-15 10:20:00,6.84,6.85,6.83,6.83,523600,6.8976,6.8921
2026-01-15 10:25:00,6.83,6.84,6.79,6.8,1895400,6.894,6.8915999999999995
2026-01-15 10:30:00,6.8,6.81,6.79,6.79,574100,6.888199999999999,6.8908
2026-01-15 10:35:00,6.79,6.8,6.75,6.78,2212100,6.8828000000000005,6.8899
2026-01-15 10:40:00,6.77,6.78,6.76,6.77,742000,6.8778,6.888999999999999
2026-01-15 10:45:00,6.77,6.78,6.77,6.78,656200,6.873399999999999,6.8881000000000006
2026-01-15 10:50:00,6.77,6.8,6.77,6.79,857000,6.868200000000001,6.88715
2026-01-15 10:55:00,6.79,6.79,6.77,6.78,340200,6.8629999999999995,6.885800000000001
2026-01-15 11:00:00,6.77,6.78,6.76,6.76,608600,6.8580000000000005,6.8843000000000005
2026-01-15 11:05:00,6.75,6.79,6.75,6.78,964300,6.8536,6.88315
2026-01-15 11:10:00,6.78,6.82,6.78,6.82,1111200,6.849599999999999,6.8823
2026-01-15 11:15:00,6.82,6.82,6.78,6.79,261600,6.8448,6.881199999999999
2026-01-15 11:20:00,6.79,6.8,6.77,6.79,380000,6.84,6.8801499999999995
2026-01-15 11:25:00,6.78,6.79,6.77,6.78,359300,6.8354,6.879250000000001
2026-01-15 11:30:00,6.77,6.78,6.76,6.76,645900,6.83,6.87825
2026-01-15 13:05:00,6.76,6.79,6.76,6.77,924600,6.8252,6.87735
2026-01-15 13:10:00,6.77,6.79,6.76,6.76,406700,6.820200000000001,6.8764
2026-01-15 13:15:00,6.76,6.79,6.76,6.78,290300,6.8174,6.875800000000001
2026-01-15 13:20:00,6.79,6.79,6.77,6.77,272700,6.8153999999999995,6.8751999999999995
2026-01-15 13:25:00,6.77,6.78,6.76,6.77,296800,6.814,6.874499999999999
2026-01-15 13:30:00,6.78,6.79,6.77,6.79,442700,6.8124,6.874
2026-01-15 13:35:00,6.78,6.79,6.77,6.78,234200,6.8104,6.873499999999999
2026-01-15 13:40:00,6.78,6.78,6.76,6.76,255700,6.8082,6.8729000000000005
2026-01-15 13:45:00,6.76,6.78,6.76,6.77,292100,6.8065999999999995,6.8724
2026-01-15 13:50:00,6.77,6.79,6.77,6.79,322600,6.8048,6.871950000000001
2026-01-15 13:55:00,6.79,6.79,6.78,6.78,243900,6.8038,6.871449999999999
2026-01-15 14:00:00,6.78,6.78,6.76,6.76,472300,6.8022,6.870950000000001
2026-01-15 14:05:00,6.76,6.77,6.75,6.75,1217700,6.8006,6.870349999999999
2026-01-15 14:10:00,6.75,6.77,6.75,6.75,351400,6.8,6.86965
2026-01-15 14:15:00,6.75,6.76,6.74,6.76,831100,6.799200000000001,6.8690999999999995
2026-01-15 14:20:00,6.76,6.78,6.75,6.77,494100,6.7986,6.8686
2026-01-15 14:25:00,6.76,6.78,6.75,6.77,548500,6.7974,6.868099999999999
2026-01-15 14:30:00,6.78,6.81,6.77,6.79,1621200,6.7964,6.8677
2026-01-15 14:35:00,6.8,6.8,6.78,6.79,562500,6.795400000000001,6.867349999999999
2026-01-15 14:40:00,6.79,6.81,6.79,6.81,535500,6.7946,6.867050000000001
2026-01-15 14:45:00,6.81,6.81,6.79,6.8,746100,6.7942,6.866750000000001
2026-01-15 14:50:00,6.8,6.82,6.79,6.8,903800,6.7938,6.8664499999999995
2026-01-15 14:55:00,6.81,6.81,6.79,6.8,1792700,6.7934,6.86615
2026-01-15 15:00:00,6.8,6.81,6.8,6.81,688700,6.792999999999999,6.865899999999999
2026-01-16 09:35:00,6.83,6.9,6.81,6.81,3459200,6.7928,6.865550000000001
2026-01-16 09:40:00,6.81,6.82,6.73,6.74,3324800,6.7912,6.864850000000001
2026-01-16 09:45:00,6.74,6.77,6.72,6.75,2181600,6.7896,6.864250000000001
2026-01-16 09:50:00,6.75,6.79,6.75,6.79,1223600,6.7888,6.8638
2026-01-16 09:55:00,6.78,6.79,6.77,6.77,1172600,6.788,6.863300000000001
2026-01-16 10:00:00,6.77,6.78,6.74,6.75,777600,6.7862,6.86275
2026-01-16 10:05:00,6.75,6.75,6.73,6.74,1204800,6.784400000000001,6.86205
2026-01-16 10:10:00,6.74,6.75,6.73,6.74,759800,6.782399999999999,6.8614
2026-01-16 10:15:00,6.73,6.75,6.73,6.75,739000,6.78,6.8608
2026-01-16 10:20:00,6.74,6.76,6.72,6.73,1846800,6.778,6.86015
2026-01-16 10:25:00,6.72,6.74,6.7,6.7,2367800,6.775,6.85925
2026-01-16 10:30:00,6.69,6.7,6.67,6.67,2259300,6.7718,6.85795
2026-01-16 10:35:00,6.67,6.69,6.67,6.68,1150500,6.769400000000001,6.856599999999999
2026-01-16 10:40:00,6.68,6.7,6.68,6.69,594100,6.7674,6.8551
2026-01-16 10:45:00,6.69,6.69,6.67,6.68,719500,6.7654,6.853699999999999
2026-01-16 10:50:00,6.67,6.68,6.66,6.68,879500,6.7636,6.85245
2026-01-16 10:55:00,6.68,6.69,6.67,6.68,516000,6.7616000000000005,6.8511500000000005
2026-01-16 11:00:00,6.68,6.69,6.66,6.68,872100,6.759399999999999,6.84995
2026-01-16 11:05:00,6.67,6.71,6.67,6.7,428700,6.7578000000000005,6.8488999999999995
2026-01-16 11:10:00,6.7,6.71,6.68,6.7,694400,6.7566,6.847899999999999
2026-01-16 11:15:00,6.69,6.7,6.66,6.66,598500,6.7542,6.846750000000001
2026-01-16 11:20:00,6.66,6.68,6.66,6.68,352700,6.7514,6.845700000000001
2026-01-16 11:25:00,6.67,6.69,6.67,6.69,243500,6.7494,6.8447499999999994
2026-01-16 11:30:00,6.69,6.7,6.67,6.67,590200,6.746999999999999,6.8437
2026-01-16 13:05:00,6.68,6.69,6.67,6.67,633500,6.744800000000001,6.84265
2026-01-16 13:10:00,6.67,6.69,6.66,6.67,562900,6.742999999999999,6.8416
2026-01-16 13:15:00,6.68,6.7,6.67,6.69,365200,6.741400000000001,6.840749999999999
2026-01-16 13:20:00,6.69,6.7,6.67,6.69,1752600,6.74,6.8398
2026-01-16 13:25:00,6.68,6.71,6.68,6.71,993500,6.7386,6.8389
2026-01-16 13:30:00,6.7,6.73,6.7,6.71,1025400,6.7374,6.838000000000001
2026-01-16 13:35:00,6.72,6.75,6.71,6.75,1101400,6.736999999999999,6.8372
2026-01-16 13:40:00,6.74,6.75,6.73,6.75,411300,6.7362,6.836400000000001
2026-01-16 13:45:00,6.75,6.76,6.75,6.75,523100,6.7356,6.835450000000001
2026-01-16 13:50:00,6.75,6.77,6.74,6.76,766700,6.7356,6.8345
2026-01-16 13:55:00,6.77,6.77,6.73,6.74,286000,6.735,6.83355
2026-01-16 14:00:00,6.74,6.74,6.72,6.74,589900,6.734,6.8325
2026-01-16 14:05:00,6.74,6.74,6.71,6.72,654300,6.732800000000001,6.8315
2026-01-16 14:10:00,6.73,6.73,6.71,6.72,334200,6.731999999999999,6.8305
2026-01-16 14:15:00,6.73,6.73,6.71,6.71,245600,6.7312,6.82945
2026-01-16 14:20:00,6.71,6.74,6.71,6.73,545900,6.7307999999999995,6.8285
2026-01-16 14:25:00,6.73,6.73,6.72,6.73,212900,6.7302,6.8275
2026-01-16 14:30:00,6.72,6.74,6.72,6.74,500000,6.7296000000000005,6.8266
2026-01-16 14:35:00,6.74,6.74,6.73,6.74,550100,6.729000000000001,6.82565
2026-01-16 14:40:00,6.74,6.75,6.72,6.73,701100,6.727799999999999,6.82465
2026-01-16 14:45:00,6.72,6.73,6.72,6.73,484200,6.7265999999999995,6.82355
2026-01-16 14:50:00,6.73,6.73,6.72,6.72,390700,6.724799999999999,6.8225
2026-01-16 14:55:00,6.72,6.73,6.7,6.7,1196100,6.722800000000001,6.82125
2026-01-16 15:00:00,6.71,6.72,6.7,6.72,1202600,6.7212,6.82025
2026-01-19 09:35:00,6.72,6.72,6.63,6.63,1713600,6.7177999999999995,6.81885
2026-01-19 09:40:00,6.63,6.74,6.62,6.71,3439100,6.715800000000001,6.817800000000001
2026-01-19 09:45:00,6.71,6.76,6.7,6.72,1706100,6.7139999999999995,6.8168500000000005
2026-01-19 09:50:00,6.72,6.81,6.71,6.76,2168900,6.7143999999999995,6.816050000000001
2026-01-19 09:55:00,6.75,6.8,6.75,6.8,1603500,6.7154,6.815500000000001
2026-01-19 10:00:00,6.8,6.84,6.78,6.82,2392800,6.716,6.81505
2026-01-19 10:05:00,6.82,6.82,6.8,6.8,637800,6.7166,6.814499999999999
2026-01-19 10:10:00,6.79,6.81,6.79,6.8,838600,6.7176,6.8139
2026-01-19 10:15:00,6.8,6.88,6.79,6.87,3685100,6.7202,6.81415
2026-01-19 10:20:00,6.88,6.88,6.85,6.85,2435700,6.7224,6.814399999999999
2026-01-19 10:25:00,6.85,6.88,6.84,6.84,1626700,6.724200000000001,6.81425
2026-01-19 10:30:00,6.86,6.87,6.84,6.85,748800,6.7265999999999995,6.8141
2026-01-19 10:35:00,6.86,6.87,6.83,6.87,994300,6.73,6.8142000000000005
2026-01-19 10:40:00,6.86,6.87,6.84,6.84,329300,6.7334000000000005,6.8139
2026-01-19 10:45:00,6.84,6.85,6.81,6.84,513900,6.736599999999999,6.81355
2026-01-19 10:50:00,6.83,6.87,6.83,6.86,650900,6.74,6.8135
2026-01-19 10:55:00,6.86,6.87,6.85,6.86,419500,6.7436,6.81355
2026-01-19 11:00:00,6.86,6.86,6.85,6.86,241700,6.747199999999999,6.8137
2026-01-19 11:05:00,6.85,6.86,6.85,6.86,392800,6.750799999999999,6.81375
2026-01-19 11:10:00,6.85,6.86,6.84,6.85,563900,6.754200000000001,6.813649999999999
2026-01-19 11:15:00,6.85,6.86,6.85,6.86,1042600,6.7574000000000005,6.8138499999999995
2026-01-19 11:20:00,6.86,6.86,6.85,6.86,399700,6.760599999999999,6.8138499999999995
2026-01-19 11:25:00,6.86,6.89,6.86,6.88,3099200,6.765,6.8138499999999995
2026-01-19 11:30:00,6.88,6.89,6.85,6.86,825900,6.7686,6.8137
2026-01-19 13:05:00,6.87,6.88,6.86,6.87,556300,6.772200000000001,6.8136
2026-01-19 13:10:00,6.86,6.87,6.85,6.86,475500,6.776,6.8135
2026-01-19 13:15:00,6.86,6.86,6.85,6.86,265000,6.7798,6.813350000000001
2026-01-19 13:20:00,6.85,6.87,6.85,6.87,243400,6.783800000000001,6.8130999999999995
2026-01-19 13:25:00,6.86,6.87,6.86,6.87,561700,6.7874,6.812900000000001
2026-01-19 13:30:00,6.87,6.87,6.84,6.85,1150800,6.7905999999999995,6.8126
2026-01-19 13:35:00,6.86,6.86,6.84,6.84,826900,6.793200000000001,6.812349999999999
2026-01-19 13:40:00,6.85,6.85,6.84,6.84,421200,6.795800000000001,6.8121
2026-01-19 13:45:00,6.85,6.86,6.84,6.86,544600,6.798000000000001,6.8119499999999995
2026-01-19 13:50:00,6.86,6.87,6.84,6.85,959500,6.8,6.811850000000001
2026-01-19 13:55:00,6.85,6.85,6.82,6.83,727600,6.8016000000000005,6.811699999999999
2026-01-19 14:00:00,6.83,6.83,6.81,6.82,577800,6.802800000000001,6.8115499999999995
2026-01-19 14:05:00,6.82,6.83,6.81,6.83,516600,6.804600000000001,6.81155
2026-01-19 14:10:00,6.82,6.83,6.82,6.83,386400,6.8064,6.81145
2026-01-19 14:15:00,6.83,6.85,6.83,6.84,705200,6.8088,6.8115499999999995
2026-01-19 14:20:00,6.84,6.85,6.83,6.85,687500,6.8114,6.811650000000001
2026-01-19 14:25:00,6.85,6.85,6.83,6.85,473900,6.8142,6.811699999999999
2026-01-19 14:30:00,6.85,6.86,6.84,6.86,740400,6.816800000000001,6.8118
2026-01-19 14:35:00,6.86,6.86,6.84,6.84,675300,6.819,6.811750000000001
2026-01-19 14:40:00,6.85,6.86,6.84,6.86,865100,6.8214,6.8118
2026-01-19 14:45:00,6.85,6.86,6.84,6.85,523600,6.823599999999999,6.8119000000000005
2026-01-19 14:50:00,6.86,6.87,6.84,6.87,1265100,6.8264,6.812250000000001
2026-01-19 14:55:00,6.87,6.88,6.86,6.88,1198300,6.8294,6.81265
2026-01-19 15:00:00,6.88,6.89,6.87,6.88,2546300,6.832600000000001,6.81305
2026-01-20 09:35:00,6.89,6.89,6.83,6.85,2031500,6.8355999999999995,6.813300000000001
2026-01-20 09:40:00,6.85,6.87,6.83,6.84,2243200,6.838000000000001,6.8136
2026-01-20 09:45:00,6.85,6.89,6.84,6.87,1727500,6.8428,6.81415
2026-01-20 09:50:00,6.87,6.88,6.84,6.86,1807900,6.8458,6.81475
2026-01-20 09:55:00,6.86,6.88,6.85,6.88,1415100,6.849,6.8153999999999995
2026-01-20 10:00:00,6.88,6.88,6.84,6.84,1082100,6.850600000000001,6.8159
2026-01-20 10:05:00,6.85,6.85,6.82,6.84,968200,6.8514,6.8163
2026-01-20 10:10:00,6.85,6.85,6.82,6.83,802500,6.851600000000001,6.816649999999999
2026-01-20 10:15:00,6.82,6.83,6.79,6.79,1878500,6.8514,6.81595
2026-01-20 10:20:00,6.79,6.8,6.79,6.79,795100,6.8512,6.815500000000001
2026-01-20 10:25:00,6.79,6.8,6.77,6.8,1704500,6.8498,6.815
2026-01-20 10:30:00,6.79,6.79,6.76,6.78,1591600,6.848400000000001,6.814500000000001
2026-01-20 10:35:00,6.78,6.78,6.74,6.77,2140500,6.8469999999999995,6.814
2026-01-20 10:40:00,6.76,6.78,6.76,6.77,893800,6.845400000000001,6.813349999999999
2026-01-20 10:45:00,6.78,6.81,6.77,6.78,823900,6.8436,6.81245
2026-01-20 10:50:00,6.79,6.79,6.76,6.77,608800,6.8422,6.81125
2026-01-20 10:55:00,6.76,6.77,6.75,6.76,801200,6.8406,6.81015
2026-01-20 11:00:00,6.76,6.76,6.74,6.75,915100,6.8384,6.808499999999999
2026-01-20 11:05:00,6.74,6.75,6.74,6.74,477700,6.835999999999999,6.80695
2026-01-20 11:10:00,6.75,6.75,6.72,6.73,1053100,6.8334,6.805499999999999
2026-01-20 11:15:00,6.73,6.76,6.72,6.76,513800,6.8313999999999995,6.8043
2026-01-20 11:20:00,6.76,6.77,6.75,6.75,317700,6.8294,6.8027999999999995
2026-01-20 11:25:00,6.75,6.77,6.74,6.74,747900,6.826999999999999,6.8013
2026-01-20 11:30:00,6.75,6.75,6.73,6.74,381900,6.8246,6.79995
2026-01-20 13:05:00,6.75,6.75,6.72,6.72,826200,6.821400000000001,6.7985500000000005
2026-01-20 13:10:00,6.72,6.74,6.72,6.73,507100,6.8187999999999995,6.7971
2026-01-20 13:15:00,6.72,6.75,6.72,6.73,618000,6.816,6.795599999999999
2026-01-20 13:20:00,6.73,6.75,6.72,6.75,262200,6.8138,6.7942
2026-01-20 13:25:00,6.75,6.76,6.74,6.76,272900,6.8118,6.792949999999999
2026-01-20 13:30:00,6.75,6.78,6.75,6.77,422800,6.809799999999999,6.79165
2026-01-20 13:35:00,6.77,6.77,6.75,6.77,368100,6.807800000000001,6.79045
2026-01-20 13:40:00,6.76,6.8,6.75,6.79,760000,6.8065999999999995,6.78935
2026-01-20 13:45:00,6.78,6.79,6.77,6.77,448800,6.8052,6.788599999999999
2026-01-20 13:50:00,6.77,6.78,6.75,6.78,677800,6.803999999999999,6.788150000000001
2026-01-20 13:55:00,6.78,6.8,6.78,6.79,421100,6.8026,6.7879000000000005
2026-01-20 14:00:00,6.79,6.79,6.76,6.76,400400,6.800800000000001,6.78735
2026-01-20 14:05:00,6.76,6.77,6.75,6.76,328900,6.7993999999999994,6.7867500000000005
2026-01-20 14:10:00,6.76,6.8,6.75,6.79,840700,6.7988,6.78635
2026-01-20 14:15:00,6.79,6.8,6.78,6.79,512500,6.797999999999999,6.78605
2026-01-20 14:20:00,6.8,6.8,6.76,6.77,571300,6.796800000000001,6.7855
2026-01-20 14:25:00,6.77,6.77,6.76,6.76,604700,6.7951999999999995,6.78515
2026-01-20 14:30:00,6.76,6.81,6.76,6.81,1672200,6.7944,6.785
2026-01-20 14:35:00,6.81,6.83,6.79,6.8,968300,6.7934,6.7848500000000005
2026-01-20 14:40:00,6.8,6.82,6.79,6.81,449000,6.7924,6.785
2026-01-20 14:45:00,6.8,6.92,6.8,6.88,4870500,6.793200000000001,6.785399999999999
2026-01-20 14:50:00,6.88,6.89,6.85,6.86,1819900,6.7932,6.7857
2026-01-20 14:55:00,6.85,6.88,6.85,6.88,1415200,6.7938,6.785949999999999
2026-01-20 15:00:00,6.88,6.91,6.87,6.91,2748800,6.7946,6.7863
2026-01-21 09:35:00,6.89,7.13,6.89,7.12,18535700,6.7994,6.7877
2026-01-21 09:40:00,7.13,7.13,7.0,7.02,6114400,6.802199999999999,6.78855
2026-01-21 09:45:00,7.02,7.05,6.95,6.96,3941300,6.8044,6.789249999999999
2026-01-21 09:50:00,6.96,6.97,6.92,6.95,3312300,6.8065999999999995,6.7899
2026-01-21 09:55:00,6.95,6.96,6.94,6.95,1631300,6.808199999999999,6.79055
2026-01-21 10:00:00,6.94,6.97,6.93,6.96,1957800,6.8102,6.7912
2026-01-21 10:05:00,6.96,6.96,6.92,6.94,1161300,6.8114,6.7918
2026-01-21 10:10:00,6.93,6.97,6.92,6.95,1876400,6.8136,6.79245
2026-01-21 10:15:00,6.96,6.96,6.94,6.96,698700,6.816,6.793099999999999
2026-01-21 10:20:00,6.95,6.97,6.94,6.95,565700,6.8184,6.7937
2026-01-21 10:25:00,6.95,6.96,6.93,6.94,688500,6.8214,6.7943500000000006
2026-01-21 10:30:00,6.95,6.96,6.94,6.96,518900,6.8248,6.79495
2026-01-21 10:35:00,6.95,6.96,6.94,6.94,346000,6.8276,6.7955
2026-01-21 10:40:00,6.95,6.95,6.92,6.93,1484100,6.8306000000000004,6.79595
2026-01-21 10:45:00,6.93,6.94,6.92,6.93,469200,6.8338,6.79625
2026-01-21 10:50:00,6.93,6.93,6.9,6.91,1253700,6.8366,6.79665
2026-01-21 10:55:00,6.91,6.92,6.9,6.92,491300,6.8394,6.797
2026-01-21 11:00:00,6.91,6.92,6.9,6.91,437400,6.8422,6.7974
2026-01-21 11:05:00,6.91,6.94,6.9,6.94,544000,6.8458,6.798100000000001
2026-01-21 11:10:00,6.94,6.94,6.93,6.94,233500,6.849599999999999,6.79885
2026-01-21 11:15:00,6.93,6.95,6.93,6.94,504700,6.8536,6.799650000000001
2026-01-21 11:20:00,6.94,6.94,6.92,6.92,340500,6.8574,6.800400000000001
2026-01-21 11:25:00,6.93,6.93,6.9,6.9,521200,6.860200000000001,6.800999999999999
2026-01-21 11:30:00,6.9,6.91,6.89,6.9,573900,6.863200000000001,6.80155
2026-01-21 13:05:00,6.9,6.96,6.89,6.96,1787500,6.8675999999999995,6.80245
2026-01-21 13:10:00,6.95,6.98,6.94,6.95,2257600,6.8717999999999995,6.8034
2026-01-21 13:15:00,6.94,6.96,6.94,6.95,786500,6.8764,6.80425
2026-01-21 13:20:00,6.95,6.98,6.95,6.97,1627400,6.8812,6.805
2026-01-21 13:25:00,6.97,6.97,6.95,6.96,352400,6.885800000000001,6.80585
2026-01-21 13:30:00,6.97,7.0,6.96,7.0,2083700,6.8908000000000005,6.8069
2026-01-21 13:35:00,7.0,7.0,6.97,6.98,619000,6.8952,6.8079
2026-01-21 13:40:00,6.97,6.99,6.97,6.99,497300,6.8996,6.80905
2026-01-21 13:45:00,6.98,6.99,6.98,6.98,597500,6.9038,6.8101
2026-01-21 13:50:00,6.99,6.99,6.97,6.98,532100,6.9075999999999995,6.8112
2026-01-21 13:55:00,6.98,6.99,6.97,6.99,541100,6.911999999999999,6.812250000000001
2026-01-21 14:00:00,6.98,7.02,6.97,7.02,1966100,6.9168,6.8135
2026-01-21 14:05:00,7.02,7.02,7.0,7.0,1017200,6.921,6.81465
2026-01-21 14:10:00,7.0,7.0,6.97,6.98,484300,6.9254,6.815600000000001
2026-01-21 14:15:00,6.98,6.98,6.95,6.95,539400,6.929200000000001,6.816450000000001
2026-01-21 14:20:00,6.96,6.96,6.94,6.94,548300,6.9322,6.817349999999999
2026-01-21 14:25:00,6.95,6.95,6.93,6.93,545200,6.935,6.818149999999999
2026-01-21 14:30:00,6.94,6.94,6.92,6.94,727000,6.938399999999999,6.8189
2026-01-21 14:35:00,6.93,6.94,6.92,6.93,860600,6.9418,6.81965
2026-01-21 14:40:00,6.93,6.94,6.91,6.92,1000900,6.944,6.820449999999999
2026-01-21 14:45:00,6.93,6.93,6.92,6.92,581200,6.9464,6.8213
2026-01-21 14:50:00,6.92,6.93,6.91,6.91,1316000,6.9483999999999995,6.822100000000001
2026-01-21 14:55:00,6.92,6.93,6.91,6.93,1453700,6.9494,6.82295
2026-01-21 15:00:00,6.92,6.94,6.92,6.94,1336700,6.9510000000000005,6.8238
2026-01-22 09:35:00,6.94,7.05,6.94,6.99,5674800,6.953200000000001,6.8249
2026-01-22 09:40:00,6.98,7.0,6.93,6.95,2985600,6.954,6.8257
2026-01-22 09:45:00,6.95,6.95,6.92,6.92,2340200,6.95,6.8263500000000015
2026-01-22 09:50:00,6.92,6.94,6.91,6.92,2138500,6.948,6.826899999999999
2026-01-22 09:55:00,6.93,6.95,6.92,6.93,1343400,6.9474,6.82755
2026-01-22 10:00:00,6.92,6.94,6.92,6.93,1257200,6.947,6.828200000000001
2026-01-22 10:05:00,6.93,6.94,6.92,6.94,587300,6.9468000000000005,6.8289
2026-01-22 10:10:00,6.93,6.94,6.92,6.94,1012300,6.946400000000001,6.82955
2026-01-22 10:15:00,6.93,6.94,6.92,6.93,1282900,6.9462,6.83015
2026-01-22 10:20:00,6.92,6.92,6.91,6.92,997000,6.9456,6.83105
2026-01-22 10:25:00,6.91,6.93,6.91,6.92,465200,6.9448,6.831899999999999
2026-01-22 10:30:00,6.91,6.92,6.9,6.92,800500,6.9442,6.83255
2026-01-22 10:35:00,6.91,6.93,6.91,6.93,931000,6.944000000000001,6.83335
2026-01-22 10:40:00,6.94,6.95,6.93,6.95,775400,6.9437999999999995,6.83435
2026-01-22 10:45:00,6.94,6.95,6.93,6.95,317600,6.944,6.8354
2026-01-22 10:50:00,6.94,6.95,6.92,6.94,400400,6.9441999999999995,6.8364
2026-01-22 10:55:00,6.93,6.95,6.93,6.95,853400,6.9446,6.8374
2026-01-22 11:00:00,6.95,6.96,6.94,6.96,846600,6.945600000000001,6.838550000000001
2026-01-22 11:05:00,6.96,6.96,6.93,6.94,481400,6.946000000000001,6.839749999999999
2026-01-22 11:10:00,6.93,6.95,6.92,6.94,256500,6.946600000000001,6.8411
2026-01-22 11:15:00,6.93,6.94,6.91,6.91,491600,6.946000000000001,6.84225
2026-01-22 11:20:00,6.91,6.92,6.9,6.91,359600,6.945400000000001,6.843349999999999
2026-01-22 11:25:00,6.92,6.92,6.9,6.9,990900,6.9446,6.84445
2026-01-22 11:30:00,6.9,6.91,6.9,6.91,519100,6.944400000000001,6.845600000000001
2026-01-22 13:05:00,6.9,6.91,6.86,6.88,1692900,6.944,6.8466
2026-01-22 13:10:00,6.87,6.89,6.87,6.88,636900,6.9436,6.8476
2026-01-22 13:15:00,6.88,6.88,6.85,6.88,1695800,6.942,6.8485000000000005
2026-01-22 13:20:00,6.88,6.89,6.86,6.87,624800,6.9404,6.84935
2026-01-22 13:25:00,6.87,6.87,6.86,6.86,560000,6.9386,6.85035
2026-01-22 13:30:00,6.86,6.86,6.85,6.85,1098500,6.9362,6.8512
2026-01-22 13:35:00,6.86,6.87,6.85,6.87,389500,6.934399999999999,6.8521
2026-01-22 13:40:00,6.87,6.87,6.85,6.85,538100,6.9314,6.853
2026-01-22 13:45:00,6.85,6.86,6.85,6.86,348900,6.929000000000001,6.85395
2026-01-22 13:50:00,6.86,6.88,6.86,6.87,950800,6.9266,6.85495
2026-01-22 13:55:00,6.86,6.88,6.86,6.88,188300,6.924600000000001,6.8559
2026-01-22 14:00:00,6.87,6.88,6.86,6.88,373700,6.922600000000001,6.85685
2026-01-22 14:05:00,6.88,6.88,6.87,6.88,208400,6.920400000000001,6.8576999999999995
2026-01-22 14:10:00,6.88,6.88,6.86,6.87,416300,6.9174,6.858499999999999
2026-01-22 14:15:00,6.87,6.88,6.86,6.87,771900,6.9148000000000005,6.8591
2026-01-22 14:20:00,6.87,6.88,6.86,6.87,393600,6.9126,6.859699999999999
2026-01-22 14:25:00,6.88,6.88,6.87,6.88,252700,6.9112,6.8603499999999995
2026-01-22 14:30:00,6.88,6.88,6.86,6.87,1031800,6.909799999999999,6.860899999999999
2026-01-22 14:35:00,6.88,6.88,6.86,6.87,296100,6.9086,6.861549999999999
2026-01-22 14:40:00,6.86,6.87,6.86,6.87,477400,6.9072000000000005,6.862199999999999
2026-01-22 14:45:00,6.86,6.88,6.86,6.86,520900,6.9058,6.862900000000001
2026-01-22 14:50:00,6.86,6.87,6.86,6.86,573000,6.9046,6.8636
2026-01-22 14:55:00,6.87,6.87,6.86,6.87,998800,6.9036,6.864400000000001
2026-01-22 15:00:00,6.86,6.87,6.86,6.86,1558200,6.9026,6.86505
